Term,NES,pval,fdr,leading_edge
Unfolded Protein Response,2.9579801886025647,0.0,0.0,IFIT1;CCL2;TUBB2A;ZBTB17;EXOSC2;GEMIN4;RPS14;SRPRA;IMP3;EIF4A2;SEC11A;BANF1;EIF2AK3;PARN;EIF4A3;KHSRP;HSP90B1;KIF5B;DDX10;HSPA5;CKS1B;ATF3;MTHFD2;HERPUD1;XBP1;EIF4EBP1;DNAJA4;PDIA6;NOLC1;SPCS1;PDIA5;SHC1;BAG3;NHP2;PAIP1;YWHAZ;DNAJC3;DCTN1;SRPRB;KDELR3;EXOSC4;EXOSC10;NOP56;EIF4E;EXOSC5;CALR;CNOT4;DNAJB9;CEBPB;EEF2;LSM4;EXOSC1;EXOC2;DKC1;SSR1;TATDN2;YIF1A;HYOU1;CHAC1;HSPA9;SLC7A5;NPM1;SERP1;NOP14;EXOSC9;PREB;POP4;ATF6;FKBP14;CXXC1;SPCS3;RRP9;ARFGAP1;CEBPG;NABP1;SLC1A4;DDIT4;ALDH18A1;NFYB;SEC31A;SDAD1;FUS
TNF-alpha Signaling via NF-kB,2.8516061566052633,0.0,0.0,SOCS3;CCL2;BTG2;TUBB2A;DUSP5;PTPRE;EHD1;TNFAIP8;ABCA1;RELB;IRF1;LITAF;IER3;TNC;CCNL1;KLF2;BCL3;ETS2;NR4A3;CDKN1A;EIF1;IER2;GEM;NAMPT;MCL1;IL6ST;EGR2;SQSTM1;PTGER4;JUN;PTGS2;IFIH1;ATF3;RHOB;KLF6;PNRC1;FOSB;EGR3;PDE4B;BIRC3;KYNU;BTG1;MYC;MAFF;SLC2A3;GADD45B;PLPP3;PHLDA2;TNFAIP6;TGIF1;CSF1;F3;HES1;GFPT2;B4GALT5;PTX3;SMAD3;CCL5;BHLHE40;KLF4;LDLR;FOS;SGK1;DDX58;TSC22D1;NFKB2;SIK1;ZFP36;EGR1;IFIT2;NFIL3;BTG3;TNIP2;CEBPB;PHLDA1;CCND1;GCH1;NR4A1;RCAN1;CXCL11;PLAUR;LIF;SERPINB8;ZC3H12A;ICAM1;DUSP2;CXCL2;IL6;IL18;NR4A2;GADD45A;DUSP1;SPHK1;TRIB1;CLCF1;PLK2;FJX1;CCN1;NFKB1;ATP2B1;SOD2;MSC;CD44;JUNB;SERPINE1;NFKBIA;KDM6B;TLR2;CCL20;G0S2;PER1;NINJ1;IRS2;AREG;KLF10;KLF9;SLC16A6;DUSP4;PMEPA1;F2RL1;ID2;TRIP10;HBEGF;IL7R;PLAU;CCL4;MAP2K3;SDC4;REL;BMP2;PDLIM5;EDN1;LAMB3;IER5;RNF19B;TAP1;RELA
mTORC1 Signaling,2.6189754726116505,0.0,0.0,BTG2;ACTR2;CTH;EGLN3;BCAT1;PSMD13;YKT6;MTHFD2L;LDHA;PSMD14;PRDX1;PSMC6;PNO1;TES;PPIA;SEC11A;NUPR1;GTF2H1;PSMC4;PSMB5;HSPE1;NUFIP1;IFI30;CDKN1A;HSP90B1;NAMPT;GBE1;PDAP1;SDF2L1;SQLE;SQSTM1;HSPA5;PLOD2;NMT1;MTHFD2;XBP1;PFKL;SERPINH1;PPA1;TPI1;SLC2A3;HSPD1;HPRT1;IDI1;NFKBIB;SHMT2;PSME3;CCT6A;GAPDH;CTSC;MLLT11;ELOVL5;PHGDH;ATP5MC1;PSMC2;CANX;BHLHE40;CCNG1;HK2;SCD;LDLR;PSMA3;FGL2;CALR;RIT1;NFIL3;G6PD;PLK1;CACYBP;ENO1;INSIG1;PGM1;DHCR7;SSR1;NFYC;LTA4H;GPI;CD9;PSMG1;HSPA9;AK4;SLC7A5;SERP1;ITGB2;SLC9A3R1;TCEA1;GLRX;DHCR24;RRM2;PNP;TOMM40;PITPNB;ATP6V1D;SYTL2;ACTR3;ACACA;FADS1;CCNF;HMBS;DDX39A;HMGCR;ARPC5L;TUBG1;QDPR;FADS2;PIK3R3;PSMD12;RRP9;COPS5;SLC1A4;DDIT4;RPN1;ATP2A2;RDH11;UCHL5;UFM1;SLC7A11;SLA;DHFR;MAP2K3;SLC2A1;ETF1;USO1;EIF2S2;ME1;SLC1A5;GSK3B;AURKA;STIP1;PGK1;DDIT3;ERO1A;EEF1E1;ADIPOR2;GCLC;LGMN;PSPH;ELOVL6;M6PR;GLA;PDK1;SLC37A4;MCM2
Interferon Gamma Response,2.4902415348943325,0.0,0.0,IFI27;IFIT1;SOCS3;CCL2;HERC6;IL15;IFI44L;SP110;CASP7;NUP93;IFI44;DDX60;PELI1;CD74;RSAD2;IRF1;LY6E;PTPN1;SERPING1;ZNFX1;STAT2;SSPN;LGALS3BP;HIF1A;APOL6;TNFSF10;IFI30;PSME1;PNPT1;SRI;CDKN1A;UBE2L6;IL4R;NAMPT;UPP1;PTGS2;OAS2;C1S;OAS3;IFIH1;IFITM3;MTHFD2;PDE4B;ST3GAL5;ST8SIA4;BTG1;JAK2;TNFAIP6;VAMP5;FAS;IFI35;PLSCR1;VCAM1;SAMHD1;CCL5;PSMB8;BST2;LAP3;CFH;PSMB2;DDX58;PSMA3;FGL2;MX2;C1R;IRF7;IFIT2;IRF9;RNF213;GCH1;PSMB9;AUTS2;CXCL11;MT2A;GBP4;CMPK2;ISG20;NCOA3;IRF2;PIM1;ICAM1;PSME2;SAMD9L;IL6;ISG15;CXCL9;EPSTI1;STAT1;PSMA2;NFKB1;SOD2;RAPGEF6;ARL4A;TXNIP;CMKLR1;SOCS1;PNP;PFKP;HLA-DRB1;HLA-B;NFKBIA;BPGM;LATS2
Epithelial Mesenchymal Transition,2.29416896452164,0.0,0.00535183349851338,MGP;ADAM12;IGFBP3;PTHLH;NT5E;FZD8;TIMP3;FBLN2;FMOD;SPARC;IL15;CADM1;MATN2;ECM2;EMP3;GJA1;CDH6;ITGB1;COL11A1;CD59;SLIT3;PPIB;COMP;IGFBP4;VCAN;SFRP1;TNC;GPX7;NID2;ELN;COL1A2;BASP1;LOX;GEM;POSTN;LGALS1;JUN;PCOLCE2;NNMT;CRLF1;PLOD2;SGCB;PFN2;FBLN5;RHOB;SNAI2;SERPINH1;THBS2;PCOLCE;CDH11;EFEMP2;HTRA1;DST;TNFRSF11B;GADD45B;FAP;CXCL12;NTM;COL8A2;SCG2;CAPG;SNTB1;FAS;TGFB1;FN1;ITGA5;CCN2;MMP3;FBN2;LOXL1;VCAM1;FBLN1;PTX3;GAS1;CXCL8;ACTA2;GREM1;VIM;ECM1;GLIPR1;LAMC1;TGFBR3;BGN;PDGFRB;TAGLN;FUCA1;COL6A2;PLAUR;PMP22;TGFBI;COPA;IL6;GADD45A;TIMP1;OXTR;CCN1;CALU;SGCG;MFAP5;EDIL3;CD44;MEST;FSTL1;SFRP4;SERPINE1;MXRA5;MAGEE1;ENO2;THBS1;ABI3BP;WIPF1;SLC6A8;MYL9;MMP2;MMP14;COL4A2;AREG;COL5A2;ITGB5;ITGA2;LAMA3;ANPEP;PMEPA1;ID2;VEGFC;BDNF;IL32;P3H1;FERMT2;COL4A1;DAB2;COL5A1;TNFRSF12A;FGF2;COLGALT1;SDC4;WNT5A;SPP1;MSX1;COL5A3;THY1;COL12A1;DPYSL3;PDLIM4;TFPI2;PLOD1;LOXL2;CXCL1;COL3A1;DCN;SGCD
UV Response Up,2.26351014333619,0.0,0.008919722497522299,BTG2;PDLIM3;NXF1;NTRK3;CCND3;DDX21;RET;YKT6;PLCL1;EIF5;DNAJB1;IRF1;CREG1;ATP6V1F;PPP1R2;RAB27A;SIGMAR1;SELENOW;DNAJA1;PDAP1;IL6ST;SQSTM1;ATF3;RHOB;FOSB;GRPEL1;HMOX1;AMD1;BTG1;EPHX1;GAL;AP2S1;TMBIM6;POLG2;BAK1;ACAA1;EIF2S3;FOS;ALAS1;OLFM1;HLA-F;RASGRP1;CDKN1C;BTG3;BSG;GCH1;NR4A1;TACR3;CDKN2B;APOM;NUP58;CDO1;ICAM1;HNRNPU;PPT1;CXCL2;NAT1;IL6;STK25;PPIF;SOD2;POLR2H;SULT1A1;PSMC3;JUNB;CNP;ENO2;GRINA;CCNE1;HSPA13;NFKBIA;SPR;SLC6A8;MMP14;POLE3;KLHDC3;MAOA;CYB5R1;E2F5;GGH;CLCN2;STARD3;PRPF3;DGAT1;CHKA;CEBPG;FGF18;MGAT1;RPN1;RFC4;FEN1
Interferon Alpha Response,2.197076934468445,0.0,0.007645476426447685,IFI27;OAS1;HERC6;IL15;IFI44L;SP110;LPAR6;IFI44;DDX60;CD74;RSAD2;IRF1;LY6E;STAT2;LGALS3BP;IFI30;PARP9;PSME1;PNPT1;UBE2L6;IL4R;C1S;SAMD9;IFIH1;IFITM3;TRIM5;TMEM140;CSF1;IFI35;PLSCR1;CD47;PSMB8;BST2;LAP3;PSMA3;MVB12A;IRF7;IFIT2;IRF9;PSMB9;CXCL11;GBP4;CMPK2;ISG20;NCOA7;IRF2;PSME2;SAMD9L;ISG15;EPSTI1;GBP2
Oxidative Phosphorylation,1.8892443437764146,0.0,0.023414271555996038,SLC25A6;ATP6V1H;NDUFA2;CASP7;LDHA;MTRR;SUCLA2;LDHB;FXN;MGST3;COX7A2;MRPS22;CYB5A;PHB2;COX6C;GPX4;NDUFB6;COX8A;MDH1;ATP6V1F;ATP6V0E1;ATP5MG;COX6B1;ETFB;ATP5PO;MRPS11;TIMM9;COX6A1;UQCR11;MRPL11;NDUFA3;ACAA2;COX7A2L;SDHD;UQCR10;TIMM17A;CYCS;SLC25A5;ISCU;OAT;NDUFB4;PDHX;ATP5MF;ATP5F1D;ATP5F1E;ATP6V1G1;UQCRB;UQCRFS1;ACADVL;TIMM8B;POLR2F;GRPEL1;OGDH;ATP5PD;ECHS1;SURF1;ATP5F1A;COX5A;COX7B;SLC25A3;PRDX3;IDH3B;IDH3G;RHOT1;NDUFB7;VDAC2;NDUFA6;NDUFA4;MRPS15;NDUFA1;DLST;ATP5MC1;NDUFB3;ACAA1;ATP5PF;MDH2;UQCRQ;TOMM22;CYC1;ALAS1;ISCA1;COX5B;COX7C;PDK4;ATP6V0B;TOMM70;NDUFS7;NDUFS4;TIMM13;NDUFA9;MRPL34;NDUFB1;DECR1;MRPS30;ATP5PB;NDUFS2;GPI;HSD17B10;HSPA9;ATP5F1B;TCIRG1;ATP5ME;PHYH;OPA1;NDUFA5;ALDH6A1;NQO2;NDUFC1;SDHC;TIMM50;ATP5MC3;NDUFC2;UQCRH;NDUFS6;NDUFS3;NDUFB5;ATP6V1D;NDUFS8;MRPL35;PDP1;NDUFA8;HADHA;POR;SLC25A11;FDX1;NDUFB8;PDHB;NDUFB2;ACAT1;ECH1;COX17
Estrogen Response Late,1.8379995757198673,0.0,0.02081268582755203,EMP2;PDLIM3;ALDH3A2;FOXC1;CAV1;FRK;RET;CPE;UNC13B;ST14;COX6C;IGFBP4;ETFB;S100A9;OPN3;RAB31;IL6ST;PTGES;TNNC1;SNX10;TOB1;CKB;XBP1;EGR3;DYNLT3;IMPA2;CYP26B1;FAM102A;JAK2;CHST8;GAL;HPRT1;DCXR;CXCL12;CCN5;PRSS23;MYOF;SCNN1A;ELOVL5;SERPINA3;PERP;KLF4;FOS;BLVRB;SGK1;OLFM1;ASS1;ZFP36;DNAJC12;NCOR2;FGFR3;BTG3;CDH1;CCND1;LSR;CALCR;DHCR7;HSPB8;ISG20;PTGER3;CA12;SLC24A3;TPBG;DUSP2;CD9;PPIF;NXT1;SULT2B1;BCL2;SLC7A5;MDK;CD44;SLC9A3R1;MEST;FLNB;TFF3;KCNK5;PLAC1;BAG1;PLAAT3;MOCS2;NAB2;LLGL2;SLC16A1;UGDH;TOP2A;AREG;HOMER2;PTPN6;DNAJC1;CHPT1;SERPINA5;CACNA2D2;BATF;CXCL14;HSPA4L;ID2;NMU;PCP4;SLC1A4;ARL3;NBL1;CA2;TPSAB1;RBBP8;SLC26A2;PKP3;SEMA3B;SFN;TSTA3;STIL;TFPI2;RPS6KA2;CISH;AFF1;AMFR;GLA;MICB;PLK4;IDH2;NPY1R;FKBP5;PDCD4;FARP1;RAPGEFL1;WFS1;TST;FKBP4;KIF20A;XRCC3;GALE;OVOL2;LAMC2;HR;PAPSS2;SCARB1;ALDH3B1;CDC6
Protein Secretion,1.5688278207435498,0.0,0.09098116947472745,ATP6V1H;STX7;YKT6;BNIP3;ABCA1;GOLGA4;COPE;CLTA;GALC;SSPN;LMAN1;VPS4B;BET1;VAMP7;COPB1;GBF1;CD63;TMED10;TSG101;SOD1;COG2;TMED2;STX12;DST;RAB2A;AP2S1;CTSC;DOP1A;AP2M1;VAMP3;SGMS1;ARF1;AP2B1;ICA1;LAMP2;ANP32E;NAPG;GNAS;SEC22B;ATP1A1;RAB22A;DNM1L;ARFGAP3;PPT1;TMX1;SCAMP1;ARCN1;MAPK1;ERGIC3;ZW10;ARFIP1;SNX2;RER1;YIPF6;MON2
Myc Targets V2,1.5166798901990175,0.0,0.11676727633120101,WDR74;PA2G4;TCOF1;HSPE1;CBX3;PES1;FARSA;UTP20;GNL3;NOLC1;PHB;MYC;HSPD1;MYBBP1A;IMP4;NOP56;WDR43;HK2;LAS1L;EXOSC5;MRTO4;PLK1;TFB2M;AIMP2;RABEPK;DUSP2;DCTPP1;DDX18;NPM1;CDK4;NOP16;PPAN;NDUFAF4;NOC4L;GRWD1;RRP9;SRM;NIP7;RRP12;IPO4;PUS1;PPRC1
Apoptosis,1.4834482070536736,0.0,0.11818632309217048,BTG2;TIMP3;CTH;CAV1;CASP7;PPP3R1;HMGB2;TSPO;HGF;IRF1;GPX1;IER3;CCND2;GPX4;BNIP3L;TNFSF10;DNAJA1;CDKN1A;CTNNB1;MCL1;SQSTM1;JUN;SOD1;LGALS3;ATF3;RHOB;IFITM3;HSPB1;F2R;EGR3;FEZ1;HMOX1;BIRC3;IGFBP6;LMNA;GADD45B;TIMP2;SPTAN1;PAK1;VDAC2;DNAJC3;FAS;ANXA1;GSTM1;RARA;BTG3;CCND1;SLC20A1;GCH1;TGFBR3;BGN;PDGFRB;ISG20;IFNGR1;MGMT;DNM1L;PPT1;IL6;IL18;GADD45A;TIMP1;GSN;SOD2;BCL2L10;CD44;PMAIP1;TXNIP;PLAT;APP;ENO2;CLU;BCL10;CDKN1B;PSEN1;PTK2;PEA15;SATB1;MMP2;SMAD7;TOP2A
Xenobiotic Metabolism,1.4371374598903612,0.0,0.1420294274605474,IGF1;ABHD6;BCAT1;LPIN2;GART;CSAD;CYB5A;IL1R1;IGFBP4;NQO1;SERTAD1;ALDH9A1;TPST1;APOE;ETS2;AKR1C3;PGRMC1;HACL1;UPP1;AKR1C2;PTGES;CROT;NMT1;PTGDS;HMOX1;KYNU;EPHX1;MTHFD1;TDO2;HPRT1;DCXR;DHRS7;HSD11B1;SHMT2;FAH;SSR3;RBP4;TMBIM6;PGD;FAS;ELOVL5;ACP1;PTS;FBLN1;ADH5;BLVRB;ALAS1;PEMT;PDK4;ACSM1;ARG1;GCH1;HNF4A;AOX1;MT2A;PTGES3;ARG2;GSS;GSTO1;SMOX;GABARAPL1;SLC46A3;CDO1;ASL;AP4B1;ABCC3;DDAH2;ITIH4;SERPINE1;PROS1;MAN1A1;DHRS1;LONP1;CDA;GCNT2;NINJ1;ABCD2;SPINT2;COMT;UGDH;POR;MAOA;EPHA2;SLC35B1;ECH1;ADH1C;SAR1B;XDH;ID2;CES1;ACP2;PYCR1;ATP2A2;ESR1;F10;CA2;GSTM4;PDLIM5;SLC1A5;AHCY;CYP2E1;TYR;ARPP19;DHPS;TKFC;ACO2;PMM1
DNA Repair,1.4298026994907684,0.0,0.13188446835622258,UMPS;SDCBP;UPF3B;NME1;GTF2H1;POLR2E;GPX4;DAD1;ZNRD1;POLR1D;ARL6IP1;EIF1B;POLE4;IMPDH2;POLR2K;RALA;ERCC4;TSG101;GTF2H5;RBX1;POLR2I;CETN2;NCBP2;PDE4B;POLR2F;TMED2;ADRM1;TAF9;SURF1;POLA1;HPRT1;DGUOK;USP11;EDF1;GTF2A2;XPC;CANT1;NUDT21;VPS28;NME3;SMAD5;DCTN4;RPA3;NT5C;BOLA2;SUPT5H;NFX1;TAF13;AK3;DDB2;RAE1;RAD52;GTF2H3;CMPK2;POLR2J;RNMT;GTF2F1;GUK1;MPC2;ELOA;POLR3GL;NME4;TAF10;POLR2H;RPA2;RAD51;APRT;TK2;POLR2C;TAF12;POLD4;RFC2;MPG;ELL;TYMS;PNP;CDA;GSDME;SNAPC4
Reactive Oxygen Species Pathway,1.338210397997624,0.10526315789473684,0.17839444995044598,PRDX1;OXSR1;GPX4;NQO1;LAMTOR5;FTL;SOD1;MGST1;TXN;NDUFB4;PRDX2;NDUFA6;PRDX6;CDKN2D;PDLIM1;PRNP;G6PD;ATOX1;PRDX4;NDUFS2;STK25;GLRX2;SELENOS;SOD2;JUNB;GLRX;PFKP;IPCEF1;ABCC1
Angiogenesis,1.2387632342661383,0.21487603305785125,0.28598860257680875,S100A4;NRP1;CCND2;VCAN;POSTN;KCNJ8;LRPAP1;TIMP1;FSTL1;APP;PTK2;COL5A2;SERPINA5;SPP1;MSX1;COL3A1;JAG1;VAV2;PDGFA;TNFRSF21;VTN;ITGAV;THBD;JAG2;SLCO2A1;VEGFA;OLR1;FGFR1;PRG2;STC1
Inflammatory Response,1.2091476951042466,0.3333333333333333,0.2990730484463359,CCL2;RGS16;BTG2;IL15;NPFFR2;EMP3;PTPRE;OSMR;ABCA1;GPC3;SLC4A4;LPAR1;IRF1;KCNMB2;IL1R1;LY6E;TLR3;HIF1A;TNFSF10;SRI;CDKN1A;IL4R;NAMPT;PTGER4;KLF6;ACVR2A;MSR1;PDE4B;ADRM1;MYC;TNFSF15;TNFAIP6;MET;PDPN;GNAI3;CSF1;F3;ITGA5;CCL5;BST2;LDLR;ICAM4;CXCL8;RASGRP1;IRF7;GCH1;TACR3;CXCL11;PLAUR;LIF;ICAM1;TPBG;IL6;IL18;ATP2C1;TIMP1;SPHK1;CXCL9;NFKB1;ATP2B1;SELENOS;CD82;SERPINE1;SLC1A2;ADGRE1;CMKLR1;PTAFR;AXL;MARCO;NFKBIA;PSEN1;SGMS2;TLR1;TLR2;CCL20;HAS2;MMP14;SLC31A1;BEST1;CCR7;NMI;RHOG;RAF1;APLNR;P2RX4;HRH1;LAMP3;PTGIR;GPR132;PTGER2;IFITM1;HBEGF;ADORA2B;IL7R;ATP2A2;IFNAR1
TGF-beta Signaling,1.1937597336422439,0.24,0.30178394449950446,FKBP1A;RAB31;CTNNB1;SKIL;PPM1A;TGIF1;PPP1CA;TGFB1;SMAD3;ID1;NCOR2;CDKN1C;CDH1;SLC20A1;BMPR2;FNTA;WWTR1;SMURF2;SMURF1;JUNB;SERPINE1;THBS1;SMAD6;TJP1;LEFTY2;SMAD7;KLF10;HDAC1;PMEPA1;ID2;ID3;HIPK2;SPTBN1;LTBP2;BMP2;MAP3K7
IL-6/JAK/STAT3 Signaling,1.1613538438931363,0.15,0.33519378227531166,SOCS3;PDGFC;OSMR;HAX1;IRF1;IL1R1;PTPN1;LEPR;STAT2;IL4R;IL6ST;JUN;IL10RB;HMOX1;ACVRL1;PTPN11;LTBR;CSF1;IL13RA1;FAS;TGFB1;BAK1;IRF9;CXCL11;IFNGR1;PIM1;CBL;ITGA4;IL6;CD9;IL1R2;CXCL9;STAT1;CD44;SOCS1;TLR2;PLA2G2A;MYD88
Complement,1.1590905998260492,0.5,0.3224479682854311,FYN;DUSP5;CR1;GPD2;CDH13;CASP7;APOC1;EHD1;RBSN;BRPF3;CTSD;CD59;KCNIP2;HSPA1A;ANXA5;IRF1;CSRP1;PREP;CTSH;SERPING1;CALM3;S100A9;HSPA5;LGALS3;C1S;ANG;CTSL;PFN1;ERAP2;DOCK4;KYNU;CTSB;USP16;JAK2;DGKH;MAFF;S100A13;TIMP2;GNAI3;ADAM9;F3;CTSC;CPM;L3MBTL4;FN1;PLSCR1;PIK3CA;CCL5;LAP3;CFH;CBLB;CP;DOCK10;C1R;RASGRP1;IRF7;PPP4C;CEBPB;PSMB9;HNF4A;ATOX1;USP14;LAMP2;PLAUR;DUSP6;F5;LTA4H;IRF2;PIM1;C2;IL6;ZFPM2;TIMP1;CD46;RNF4;SERPINE1;PLAT;CLU;CTSO;CDA;C3;PSEN1;PRCP;ITGAM;APOBEC3G;PDP1;MMP14;COL4A2;FDX1;RHOG;S100A12;RAF1;GRB2
Hypoxia,1.154566856038756,0.5,0.31091604134220585,S100A4;IGFBP3;SDC2;NR3C1;TPST2;PPARGC1A;NEDD4L;CAV1;LDHA;UGP2;DTNA;GPC3;ANKZF1;MT1E;TES;PYGM;IER3;PRKCA;BNIP3L;FAM162A;LOX;CDKN1A;CITED2;GBE1;HSPA5;JUN;ANXA2;ATF3;MIF;KLF6;HK1;PNRC1;PFKL;TMEM45A;HMOX1;TPI1;HEXA;BTG1;MAFF;SLC2A3;PRDX5;ANGPTL4;CCN5;F3;GAPDH;ALDOC;KDELR3;CCN2;SRPX;CAVIN3;BHLHE40;HK2;FOS;CP;KLHL24;ZFP36;GRHPR;IDS;CDKN1C;NFIL3;B4GALNT2;BGN;ENO1;RORA;GAA;PGM1;MT2A;PLAUR;ISG20;MXI1;TGFBI;VHL;CA12;ILVBL;PIM1;TPBG;GPI;IL6;GALK1;JMJD6;CAVIN1;DUSP1;AK4;SULT2B1;CCN1;BCL2
Pancreas Beta Cells,1.1011382910971166,0.3227848101265823,0.38070997387152,DCX;ELP4;SEC11A;PCSK1;SRP14;SPCS1;SRPRB;SRP9;MAFB;HNF1A
Cholesterol Homeostasis,1.0613004632352896,0.3333333333333333,0.431637006075753,ATF5;GLDC;FASN;GSTM2;ADH4;ANXA5;FDPS;ALCAM;CTNNB1;PPARG;SQLE;S100A11;LGALS3;ATF3;ATXN2;PNRC1;IDI1;ACTG1;GPX8;ALDOC;GUSB;PLSCR1;SCD;LDLR;NFIL3;PCYT2;DHCR7;PLAUR;MAL2;CD9;PMVK;MVD;ACSS2;FBXO6;CLU;CPEB2;HMGCR;FADS2;ECH1;CXCL16;ANXA13;CHKA;STX5;TNFRSF12A;ERRFI1;SEMA3B;LGMN;JAG1;TP53INP1;CBS;SREBF2;GNAI1;TM7SF2;NSDHL;MVK;TRIB3;CYP51A1;HSD17B7;ETHE1;EBP
p53 Pathway,1.0,1.0,0.4870168483647176,PVT1;S100A10;S100A4;RGS16;BTG2;RAP2B;CCND3;NOL8;RRP8;CDH13;PTPRE;LDHB;CTSD;ST14;RACK1;NUPR1;MKNK2;IER3;CCND2;PLXNB2;RPS12;DNTTIP2;RPS27L;FAM162A;HEXIM1;IFI30;EI24;SERTAD3;CDKN1A;CTSF;TCN2;UPP1;JUN;ATF3;STOM;ISCU;PHLDA3;F2R;TAX1BP3;TOB1;HMOX1;PITPNC1;BTG1;EPHX1;DCXR;ABCC5;XPC;TRIAP1;FAS;TGFB1;HINT1;IRAK1;BAK1;PERP;KLF4;CCNG1;FOS;TSC22D1;CEBPA;TGFA;DDB2;FUCA1;CDKN2B;LIF;MAPKAPK3;GADD45A;SPHK1;PLK2;CD81;ZMAT3;INHBB;CDKN2AIP;NOTCH1;CD82;PRKAB1;TXNIP;APAF1;APP;SOCS1;SP1;CSRNP2;NINJ1;TP63;TRAF4;FBXW7;SLC3A2;ABHD4;EPHA2;ZFP36L1;SEC61A1;PLK3;PTPN14;HSPA4L;TM4SF1;TPRKB;DDIT4;HBEGF;SLC7A11;NUDT15;BMP2;CGRRF1;RRAD;IER5;RNF19B;DDIT3;TAP1;SFN;PMM1;CASP1;VDR;NDRG1;SESN1;BAX;GM2A;HDAC3;CLCA2;ABAT;IP6K2;PIDD1;FDXR;SLC19A2;AK1;WWP1;RHBDF2;PDGFA;FOXO3;GLS2;PCNA;COQ8A;CCP110;RAD9A;SDC1;POLH;DRAM1;RCHY1;CYFIP2;PRMT2;TRIB3;TNFSF9;TP53;STEAP3;MDM2;DGKA;DEF6;AEN;RPL36;RALGDS;CCNK;HRAS;SLC35D1;RAB40C;RAD51C;EPS8L2;JAG2;WRAP73;RXRA;TRAFD1;PROCR;MXD4;KIF13B;PPM1D;RETSAT;ANKRA2;BAIAP2
Myc Targets V1,1.0,1.0,0.4870168483647176,RPS3;RPL22;RPL34;HSP90AB1;NCBP1;RSL1D1;DDX21;PA2G4;STARD7;LDHA;HNRNPR;CCT4;PSMD8;PSMD14;RPS6;RNPS1;FBL;RPL6;EIF3J;YWHAQ;PSMA1;RPS2;PSMB3;PSMC6;ERH;NME1;RPL14;RPS5;PPIA;HNRNPC;PHB2;RACK1;EEF1B2;PSMC4;C1QBP;HSPE1;PSMD1;HNRNPA1;SRSF3;YWHAE;HNRNPD;SNRPD2;UBE2L3;EIF3B;EIF1AX;CBX3;XRCC6;IMPDH2;CCT2;APEX1;PSMA7;RAN;SERBP1;SNRPG;RANBP1;GNL3;CNBP;NCBP2;SSBP1;SET;SNRPB2;CCT7;LSM7;NOLC1;ILF2;PHB;MYC;SRSF2;HSPD1;COX5A;HPRT1;SLC25A3;MCM6;PRDX3;EXOSC7;TRA2B;MRPS18B;NHP2;PRPF31;TCP1;ODC1;RPS10;EIF3D;SRSF7;PABPC4;RAD23B;ACP1;POLD2;PWP1;PCBP1;NOP56;CANX;SMARCC1;EIF4E;LSM2;PSMB2;CYC1;BUB3;TOMM70;AIMP2;EIF4G2;VBP1;RUVBL2;PTGES3;GLO1;CCT3;PRDX4;HNRNPU;G3BP1;DDX18;SNRPD1;CTPS1;USP1;UBA2;EIF4H;HDDC2;CSTF2;PSMA2;NPM1;CDC45;CCT5;CDK4;TYMS;NOP16;DEK;SSB;ABCE1
Coagulation,0.929928218368047,0.5882352941176471,0.5784096973393307,CRIP2;FYN;TIMP3;GDA;SPARC;APOC1;CFI;RGN;CSRP1;PREP;CTSH;COMP;SERPING1;CAPN2;C1S;ISCU;ANG;MSRB2;CTSB;HTRA1;MAFF;ARF4;S100A13;USP11;PRSS23;ADAM9;F3;FN1;MMP3;ANXA1;CFH;C1R;HNF4A;WDR1;PEF1;LAMP2;DUSP14;DUSP6;LTA4H;C2;CD9;TIMP1;GSN;SERPINE1;PROS1;PLAT;CLU;THBS1;CTSO;C3;MMP2;MMP14;LEFTY2;CFD
Androgen Response,0.8864585008617684,0.6470588235294118,0.6233894945490585,PTK2B;CCND3;ACTN1;HPGD;PA2G4;TNFAIP8;RAB4A;TMEM50A;SLC38A2;LMAN1;XRCC6;PLPP1;VAPA;DBI;ELL2;SELENOP;ADRM1;STK39;NCOA4;IDI1;ABCC4;GNAI3;IQGAP2;PIAS1;ELOVL5;SCD;SGK1;TSC22D1;DNAJB9;CCND1;INSIG1;SRF;ADAMTS1;STEAP4;ZMIZ1;BMPR1B;SMS;MYL12A;GUCY1A1;HERC3;UAP1;UBE2I;DHCR24;FADS1;CDC14B;HMGCR;APPBP2;HOMER2;SPCS3;ARID5B;PMEPA1;UBE2J1;CDK6;RRP12;PDLIM5;SLC26A2;ELK4;ALDH1A3;SEC24D;NDRG1;GPD1L;CENPN;FKBP5;MAF;ACSL3;NKX3-1;ZBTB10;B4GALT1;ITGAV;MAP7;HSD17B14;XRCC5
Glycolysis,-0.337061597111491,0.999,0.9992855830662775,KIF2A;QSOX1;ZNF292;EGFR;XYLT2;PRPS1;CASP6;FBP2;ALDOA;SAP30;DLD;GPC1;SLC35A3;PYGB;CHST1;NOL3;BPNT1;CAPN5;DSC2;ME2;MERTK;SOX9;PGAM2;IDUA;MED24;P4HA1;GOT2;SLC25A10;PHKA2;CHST12;STC1;EFNA3;GLCE;VLDLR;PPP2CB;CHST2;PAXIP1;VEGFA;ABCB6;PDK3;RBCK1;PC
E2F Targets,-0.4298388218973061,0.995995995995996,1.0,MRE11;SSRP1;CDC25B;SYNCRIP;XPO1;LUC7L3;DSCC1;UNG;PAN2;PRPS1
Pperoxisome,-0.43857050717490464,0.996969696969697,1.0,HSD11B2;ABCB9;STS;GNPAT;ACOX1;IDE;ABCB1;PEX11A;HSD17B4;EHHADH;SLC25A17;SLC25A19;ACSL5;ABCD3;CAT;CDK7;RETSAT;MVP;PEX11B;EPHX2;MLYCD;CLN8;CEL;HRAS;SLC25A4;DLG4;MSH2
Estrogen Response Early,-0.551034638811612,0.963963963963964,1.0,SLC7A2;TGM2;DEPTOR;SVIL;RHOBTB3;GREB1;ASB13;ABLIM1;ADD3;MINDY1;AR;SYBU;ELOVL2;PGR;PEX11A;CBFA2T3;TGIF2;SOX3;ITPK1;SLC22A5;AKAP1;TPD52L1;TIPARP;MED24;ABHD2;MAPT;FDFT1;MREG;KDM4B;INPP5F;TIAM1;NRIP1;ISG20L2;SIAH2;ABCA3;SYNGR1;NAV2;SH3BP5;ALDH3B1;SCARB1;PAPSS2;HR;OVOL2;STC2;B4GALT1;ADCY1;FKBP4;SLC1A1;WFS1;RAPGEFL1;AQP3;FARP1;SLC19A2;FKBP5;SEC14L2;KRT18;NPY1R;MICB;DHRS3;ABAT;GLA;AMFR;FHL2;AFF1;CISH;RPS6KA2;MYBL1;TMEM164;SFN;SEMA3B;CELSR1;LRIG1;SLC26A2;RBBP8;RRP12;SLC2A1;MPPED2;NBL1;ARL3;RAB17;SNX24;SLC1A4;FCMR;MUC1;PODXL;UNC119;CHPT1;GFRA1;KLF10;SLC37A1;AREG;SLC16A1;MAST4;PLAAT3;BAG1;UGCG;ELF1;SLC39A6;KCNK5;TFF3;RETREG1;FLNB;SLC9A3R1;PMAIP1;CD44;SLC7A5;INHBB;BCL2;GAB2;SULT2B1;NXT1;PPIF;KCNK15;REEP1;TPBG;SLC24A3;WWC1;CA12;HSPB8;DHCR7;CALCR;CCND1;RASGRP1;NCOR2;RARA;OLFM1;BLVRB;FOS;DLC1;KLF4;BHLHE40;HES1;TSKU;ELOVL5;SCNN1A;CANT1;MYOF;MYBBP1A;ENDOD1;PRSS23;CCN5;RHOD;CXCL12;KAZN;MED13L;MYC;JAK2;FAM102A;CYP26B1;NADSYN1;DYNLT3;EGR3;XBP1;TOB1;PTGES;IL6ST;OLFML3;RAB31;OPN3;ADCY9
Fatty Acid Metabolism,-0.5545443866390805,0.9789579158316634,1.0,CPT1A;PTPRG;ACSS1;ACOX1;ADSL;ALAD;ALDOA;CPOX;DLD;SDHA;HSD17B4;ACAT2;SLC22A5;MCEE;AADAT;EHHADH;GPD1;ACSL5;PPARA;SUCLG2;ACADM;CD36;RETSAT;CBR1;KMT5A;ENO3;ACADL;CYP1A1;CA4;HMGCS1;CPT2;BPHL;ETFDH;MLYCD;CEL;ACOT2;FMO1
Adipogenesis,-0.6174150398653669,0.957,1.0,ESYT1;DRAM2;ATP1B3;ITSN1;RIOK3;TANK;GPHN;PHLDB1;SLC19A1;PTCD3;ACOX1;CS;MYLK;LPL;ALDOA;BCKDHA
Bile Acid Metabolism,-0.6495069775059108,0.896969696969697,1.0,NR3C2;GNPAT;GCLM;ABCA5;AR;DIO2;PEX11A;PECR;HSD17B4;ABCA9;RBP1;ABCA6;ACSL5;ABCA2;BMP6;ABCD3;NPC1;CAT;ABCA8;PFKM;RETSAT;PAOX;EPHX2;RXRA;MLYCD;SLC29A1
KRAS Signaling Up,-0.668976522787353,0.921,1.0,TFPI;AKAP12;TRIB2;ETV5;CLEC4A;IL1B;ABCB1;MTMR10;IGF2;ENG;VWA5A;TRAF1;MPZL2;STRN;GPRC5B;KIF5C;INHBA;SNAP91;YRDC;NAP1L2;SOX9;PRRX1;CD37;FCER1G;TNFAIP3;BTBD3;ATG10;ALDH1A2;IKZF1;EVI5;ETV1;CDADC1;EPHB2;TNFRSF1B;ANKH;DCBLD2;RETN;PTCD2;CTSS;MAP3K1;TMEM158;ANO1;SCN1B;EMP1;TSPAN13;ADAM17;SDCCAG8;TPH1;EPB41L3;PRDM1;ETV4;CAB39L;ZNF639;DNMBP;MAP7;LY96;PLVAP;LCP1;CXCR4;GADD45G;IL10RA;MMP9;CFB;RELN;JUP;CXCL10;FBXO4;F13A1;IRF8;AKT2;TOR1AIP2;PECAM1;ADAM8;MAP4K1;LAPTM5;ERO1A;SEMA3B;TSPAN7;SPP1;ALDH1A3;NGF;CCSER2;BMP2;CA2;EREG;MMD;MMP11;PLAU;IL7R;HBEGF;PCP4;CBX8;ID2;ETS1;F2RL1;PPBP;ST6GAL1;CBR4;ITGA2;ACE;HKDC1;RABGAP1L;PRELID3B;IL1RL2;IL33;SATB1;G0S2;MALL;CCL20;PTBP2;BPGM;ZNF277;GLRX;CMKLR1;PLAT;ITGBL1;ITGB2;GUCY1A1;SPARCL1;ADGRA2;PEG3;BTC;TRIB1;RBM4;CBL;DUSP6;LAT2;KCNN4;GNG11;TMEM100;LIF;PLAUR;AVL9;FUCA1;TMEM176A;GYPC;SCG5;NR1H4;ARG1;FLT4;PTPRR;GALNT3;FGF9;CFH;KLF4;PSMB8;MAFB;SNAP25;GFPT2;SERPINA3;RBP4;ADGRL4;USP12;HSD11B1;ANGPTL4
IL-2/STAT5 Signaling,-0.6839319612030306,0.9095477386934674,1.0,SNX14;SHE;TTC39B;TGM2;ITGA6;DENND5A;HUWE1
Allograft Rejection,-0.754075382091317,0.831494483450351,1.0,ICOSLG;NCK1;IFNAR2;AKT1;EIF4G3;EGFR;B2M;APBB1;IL7;HLA-DOA;IL1B
Notch Signaling,-0.7617397543917439,0.7416107382550335,1.0,MAML2;DLL1;ST3GAL6;LFNG;SAP30;FBXW11;PPARD;NOTCH2
G2-M Checkpoint,-0.7921009099349509,0.803,1.0,EGF;CUL3;CDC25B;ARID4A;SYNCRIP;FOXN3;XPO1;ATRX;CHAF1A;NUMA1;SLC38A1;DMD;SMC2;ORC5;NUP50;SRSF1;NDC80;SAP30;PML;POLA2;KIF20B;STAG1;TENT4A;LBR;PRPF4B;CCNT1;CASP8AP2
UV Response Dn,-0.8611455387845202,0.6990972918756269,1.0,PRKAR2B;RASA2;NIPBL;MAP2K5;INPP4B;TFPI;APBB2;ATRX;PIAS3
Spermatogenesis,-0.9901195837545087,0.4847560975609756,1.0,SHE;NOS1;SPATA6;PRKAR2A;MLLT10;PHF7;PHKG2;DMC1;IDE;CLVS1;SEPTIN4;CCT6B;PARP2;HSPA2;SNAP91;HSPA1L;PIAS2;PGS1;NPHP1;AGFG1;GMCL1;VDAC3;TALDO1;RAD17;GAPDHS;CHFR;MAP7;IL12RB2;CSNK2A2;NAA11;STAM2;IFT88;CFTR;LDHC;IP6K1;NF2;IL13RA2;GSTM3;TOPBP1;PCSK4;AURKA;SYCP1;DBF4;STRBP;ZC2HC1C;RFC4;ZPBP;SLC2A5;ADAM2;HSPA4L;ART3;HBZ;ACE;MTOR;CDKN3;RPL39L;TSN;COIL;EZH2;POMC;MLF1;MAST2;PEBP1;ARL4A;CAMK4;PACRG
PI3K/AKT/mTOR  Signaling,-0.99078083433419,0.4888663967611336,1.0,NCK1;AKT1;ITPR2;PRKAR2A;EGFR;CDK2;PRKAG1;MKNK1;GRK2
Apical Surface,-0.993205734227202,0.4550379198266522,1.0,NCOA6;ADAM10;MDGA1;ATP8B1;TMEM8B;FLOT2;LYN;CROCC;BRCA1;IL2RB;GHRL;DCBLD2;MAL;CX3CL1;SLC2A4;B4GALT1;CRYBG1;NTNG1;AKAP7;ADIPOR2;GSTM3;LYPD3;THY1
Apical Junction,-1.012049381425413,0.47647647647647645,1.0,NECTIN3;PCDH1;MAP4K2;RASA1;CTNND1;EPB41L2;EGFR;SRC;RHOF;IRS1;ACTN3;SLIT2;PBX2;ARHGEF6;CLDN15;CNTN1;TAOK2;PKD1;VWF;TMEM8B;FBN1;TRAF1;PLCG1;SYK;SYMPK;MPZL2;TSC1
heme Metabolism,-1.0159301236012752,0.473,1.0,TRAK2;TNS1;RIOK3;RNF19A;CIR1;MARK3;USP15;ARHGEF12;DAAM1;LMO2;RBM38;GCLM;ANK1;PPP2R5B;SIDT2;ALAD;IGSF3;FOXJ2;CPOX;UBAC1;DCAF10;CTNS;ACSL6;HAGH;PPOX;SLC11A2;ALDH1L1;SYNJ1;XPO7;SEC14L1;FECH;SLC22A4;RBM5;FN3K;CAT;CLCN3;CCDC28A;GAPVD1;GYPE;HTATIP2;SLC6A9;TMCC2;BMP2K;MPP1;HDGF;EZH1;NUDT4;KAT2B;ABCB6;BACH1;ASNS;KHNYN;PC;PIGQ;RCL1;MKRN1;UCP2;TOP1;SNCA;RHD;MOCOS;FBXO34;ADD1;TAL1;PSMD9;BTRC;FBXO7;EPOR;RHCE;GMPS;ADIPOR1;SLC25A37;FOXO3;TFRC;RNF123;ABCG2;ATG4A;AQP3;GLRX5
Wnt-beta Catenin Signaling,-1.1191801852977767,0.3275488069414317,1.0,DLL1;MAML1;PPARD;FRAT1;NOTCH4;AXIN2;JAG2;CSNK1E;DVL2;WNT5B;DKK1;PSEN2;TP53;ADAM17;HEY2;SKP2;GNAI1;TCF7;AXIN1;JAG1;HDAC2;KAT2A;LEF1;NCSTN;CUL1
Hedgehog Signaling,-1.1962460412745914,0.2556053811659193,1.0,RASA1;ADGRG1;PML;L1CAM;TLE3;TLE1;VLDLR;VEGFA;GLI1;HEY2;SLIT1;NF1;CNTFR;CRMP1;MYH9;AMOT;DPYSL2;UNC5C;RTN1;THY1;CELSR1
Myogenesis,-1.2692253325793947,0.12437311935807423,1.0,RYR1;MEF2C;LARGE1;TNNT1;MYL1;NOS1;SVIL;MYOM2;CSRP3;DES;TPM2;IGFBP7;MYO1C;MYH2;SH3BGR;FXYD1;ABLIM1;DMD;MYL3;ACTN3;MYLK;TNNI1;CKM;TCAP;MYH7;MYLPF;SCHIP1;RB1;MYH11;TPD52L1;GNAO1;SORBS3;MYH3;ACTC1;ATP2A1;MB;SLN;PGAM2;LAMA2;PICK1;MAPRE3;SYNGR2;CHRNB1;CD36;COX7A1;PFKM;CASQ1;PKIA;PTGIS;SIRT2;ENO3
KRAS Signaling Dn,-1.546716746305501,0.023185483870967742,0.29459492559857936,EGF;RYR1;SLC16A7;CPEB3;NOS1;CDKAL1;NTF3;HSD11B2;SPHK2;SYNPO;MTHFR;ZNF112;SMPX;SHOX2;ZBTB16;MAST3;CKM;LFNG;C5;MYH7;GTF3C5;ASB7;AKR1B10;TGFB2;ACTC1;IDUA;CCDC106;MYO15A;MFSD6;THNSL2;TCF7L1
Mitotic Spindle,-1.6612098623936487,0.003,0.23849278438896943,NCK1;RASA1;NEDD9;RASA2;FGD4;CNTRL;CLASP1;TLK1;ITSN1;RABGAP1;EPB41L2;KIF1B;SOS1;ARHGEF12;ARHGAP10;SHROOM1;AKAP13;CD2AP;SYNPO;NUMA1;LATS1;RHOF;SASS6;CEP131;NCK2;ALS2;NDC80;TAOK2;APC;CNTROB;KIF20B;TUBD1;ABI1;PCM1;CLIP1;KNTC1;RAPGEF5;TSC1;CENPJ;KPTN;CDC42EP2;MAP1S;ARHGEF7;TUBGCP6;PIF1;LLGL1;HOOK3;NOTCH2;CSNK1D;CKAP5;CDC42BPA;TUBGCP3;ABR;ARHGEF2;ROCK1
